lon,lat
185.85219872,-18.7146847795
185.8536095517,-18.709887952
185.8550203833,-18.7050911245
185.8564312149,-18.700294297
185.8587752204,-18.6959334051
185.8615487214,-18.6917731536
185.8643222223,-18.6876129021
185.8670957233,-18.6834526507
185.8703081701,-18.6797484183
185.8745711764,-18.677135608
185.8788341827,-18.6745227977
185.8830971889,-18.6719099874
185.8873601952,-18.6692971771
185.892195051,-18.6681886271
185.8971171889,-18.6673096739
185.9020393268,-18.6664307207
185.9061602977,-18.6642720515
185.9091011562,-18.6602283711
185.9120420147,-18.6561846906
185.9149828731,-18.6521410102
185.9179237316,-18.6480973298
185.9208028619,-18.6440103679
185.923602149,-18.6398674231
185.926401436,-18.6357244782
185.9292007231,-18.6315815334
185.9320000101,-18.6274385886
185.9347992972,-18.6232956437
185.9393427375,-18.6212101479
185.9438880616,-18.6191268744
185.9484333857,-18.6170436008
185.9532647736,-18.6158537463
185.9581748059,-18.6149095093
185.9630848381,-18.6139652723
185.9676983418,-18.6121995628
185.9720794213,-18.6097899691
185.9764605009,-18.6073803753
185.9798819659,-18.6038214034
185.9830349291,-18.5999408334
185.9861878922,-18.5960602634
185.9893408553,-18.5921796934
185.9924938184,-18.5882991234
185.9932471376,-18.5835665823
185.9932471376,-18.5785665823
185.9943523101,-18.5739986869
185.9977437106,-18.5703246697
186.0013032912,-18.5668645816
186.0056740776,-18.564436367
186.010044864,-18.5620081523
186.0147579453,-18.560487726
186.0196438271,-18.5594255777
186.0245297089,-18.5583634295
186.0293018128,-18.559412306
186.0340452293,-18.5609934448
186.0388028601,-18.5625232654
186.0436837954,-18.5636079177
186.0485647307,-18.56469257
186.053445666,-18.5657772223
186.0584100276,-18.5662389097
186.0634043683,-18.5664767354
186.0683545995,-18.5669506997
186.0730980159,-18.5685318385
186.0773042412,-18.5707870354
186.0799039759,-18.5750580282
186.0825037107,-18.5793290209
186.0851034454,-18.5836000137
186.0851759693,-18.5885796769
186.0851759693,-18.5935796769
186.0851759693,-18.5985796769
186.0857423839,-18.6034011304
186.0886096956,-18.60749729
186.092282656,-18.6108137827
186.096282656,-18.6138137827
186.100282656,-18.6168137827
186.1020854063,-18.6211147912
186.1027925131,-18.6260645387
186.1023830492,-18.6310404999
186.1019090037,-18.6360179772
186.1006788682,-18.6407557161
186.0981981735,-18.6450969318
186.0951735217,-18.6489885979
186.0913772387,-18.6522425547
186.0881111144,-18.6557833474
186.0874644184,-18.6607413495
186.0868177225,-18.6656993515
186.0861610917,-18.6706560283
186.0854855257,-18.6756101791
186.0848099597,-18.68056433
186.0841698786,-18.6855231179
186.083549705,-18.6904845073
186.0829295313,-18.6954458967
186.0823093576,-18.7004072861
186.0836667629,-18.7050494697
186.0858164308,-18.7095637723
186.0879660987,-18.7140780749
186.0879753748,-18.7190139258
186.0876980247,-18.7240062276
186.0851828186,-18.7279979607
186.0816472847,-18.7315334946
186.0781117507,-18.7350690285
186.0745762168,-18.7386045624
186.0707530011,-18.7418158287
186.0668214094,-18.7449049365
186.063389296,-18.7484870107
186.0603520455,-18.7524587999
186.0573147949,-18.756430589
186.0551098262,-18.7609128645
186.0529461709,-18.7654204798
186.0507825155,-18.769928095
186.0504305671,-18.7746634751
186.0514111478,-18.7795663785
186.0523917285,-18.7844692818
186.0519713731,-18.7892234728
186.0499833359,-18.7938112509
186.0479952987,-18.7983990291
186.0460072615,-18.8029868072
186.0439444136,-18.8075406694
186.0418039819,-18.8120593586
186.0396635501,-18.8165780478
186.0375896107,-18.8211275948
186.035520596,-18.8256794272
186.0334515813,-18.8302312595
186.0293785734,-18.8331178099
186.0252824138,-18.8359851216
186.0212174715,-18.8388788473
186.0190678036,-18.8433931499
186.0169181357,-18.8479074525
186.01528823,-18.8525026746
186.015963796,-18.8574568254
186.016639362,-18.8624109763
186.014940508,-18.8662375358
186.0106740989,-18.8688447859
186.0064076897,-18.8714520359
186.0015995931,-18.8727515368
185.9967391821,-18.8739247395
185.991878771,-18.8750979422
185.9874787573,-18.8748725942
185.984265696,-18.8710416365
185.9810526347,-18.8672106788
185.9778395734,-18.863379721
185.9746265121,-18.8595487633
185.9721048772,-18.8553615347
185.9708500664,-18.8505215502
185.9695952556,-18.8456815657
185.9683404448,-18.8408415812
185.9644588356,-18.8377622288
185.9604588356,-18.8347622288
185.9564588356,-18.8317622288
185.9515459633,-18.8315008456
185.9465459633,-18.8315008456
185.9415459633,-18.8315008456
185.9365459633,-18.8315008456
185.9315459633,-18.8315008456
185.9265459633,-18.8315008456
185.9215459633,-18.8315008456
185.9169012082,-18.8309522925
185.9148559287,-18.8263897459
185.9128106492,-18.8218271993
185.9107653696,-18.8172646526
185.9081671779,-18.8131860253
185.9039158522,-18.8105542522
185.8996645264,-18.8079224792
185.8953180236,-18.8054792846
185.8906756401,-18.8036223312
185.886888914,-18.8009646293
185.8853434836,-18.796209459
185.8837980533,-18.7914542886
185.8822526229,-18.7866991183
185.8807071926,-18.781943948
185.8793134283,-18.7771558145
185.8787456953,-18.7721881511
185.8781779624,-18.7672204877
185.8776102294,-18.7622528244
185.8770424965,-18.757285161
185.8741021912,-18.7533724327
185.870794083,-18.7496232434
185.8674859748,-18.7458740541
185.8641778666,-18.7421248649
185.8608697584,-18.7383756756
185.8579543896,-18.7343658787
185.8557853115,-18.7298608704
185.8536162334,-18.725355862
185.8514471553,-18.7208508537
185.3311852716,-18.807254067
185.3294544696,-18.8026134215
185.331078918,-18.797966562
185.3329842805,-18.793380024
185.3348297104,-18.7889061865
185.3380698295,-18.785354951
185.3425290301,-18.7832279098
185.3474140155,-18.7832373293
185.3516539902,-18.7816307528
185.3562932222,-18.7827583238
185.3601058229,-18.7859740834
185.364320434,-18.7886642607
185.3688740264,-18.7905547325
185.3734387638,-18.7925205783
185.3762853504,-18.7960870886
185.3804579119,-18.7988406072
185.3806813167,-18.8030400921
185.3781629654,-18.8073478425
185.3759569337,-18.8118244187
185.3742244084,-18.8165083872
185.3716482838,-18.8207047083
185.3682178771,-18.824328041
185.3638054057,-18.8259289223
185.3591568884,-18.8273925817
185.354292973,-18.827577278
185.3494387283,-18.8264775149
185.3450168567,-18.8241802145
185.3405980291,-18.8219963362
185.3391951031,-18.8177199709
185.3365457288,-18.8135953566
185.3345847703,-18.8104710582
184.8917994354,-19.7559646427
184.8930005434,-19.7511697965
184.8939021828,-19.7462517637
184.8950343421,-19.741400827
184.8969078481,-19.7367652459
184.8984097535,-19.7320050904
184.8993301438,-19.7270942098
184.9023301438,-19.7230942098
184.9032322373,-19.7182090859
184.905809341,-19.7139445614
184.9094518221,-19.7106366501
184.9135868157,-19.7078258638
184.9182959879,-19.7069514069
184.9231917372,-19.7075413156
184.9278917263,-19.7092084179
184.9327911335,-19.7101281279
184.9377681787,-19.7106066899
184.9425587193,-19.7119808639
184.9473768705,-19.7123404299
184.9520191031,-19.713777075
184.955298184,-19.717481713
184.9571824258,-19.7221126234
184.9592343944,-19.7266679737
184.9620619938,-19.7307884641
184.9648776682,-19.734892851
184.9679083598,-19.7387688694
184.9695937907,-19.7434760101
184.9710806507,-19.7482470913
184.9721568689,-19.7531277027
184.973800517,-19.7578038715
184.9729528835,-19.7624498197
184.9712467249,-19.7670872055
184.9696974268,-19.7718403245
184.9678902258,-19.7764506586
184.9655817172,-19.780857834
184.9617811072,-19.7837804813
184.9593092649,-19.7880478527
184.9548697851,-19.7898162646
184.9498933523,-19.7902510582
184.9449053693,-19.7905974748
184.9399630801,-19.7901887161
184.9349829023,-19.7899806764
184.9299829023,-19.7899806764
184.9250104787,-19.7896474779
184.9206101751,-19.7873740249
184.9192642795,-19.7825842242
184.9154855745,-19.7800882798
184.9112012651,-19.7775429527
184.9078397555,-19.774025109
184.9056019805,-19.7696069945
184.9028656109,-19.7658364695
184.8986879346,-19.7630911342
184.8945769736,-19.7602450844
184.968568553,-19.6799830623
184.9681837224,-19.6751125957
184.9679400347,-19.6701581621
184.9689371778,-19.6653020531
184.9707021145,-19.660634756
184.9731203106,-19.6562689905
184.9758167626,-19.6520585239
184.9789089585,-19.648134312
184.9831208171,-19.6457738507
184.9878742057,-19.6462433863
184.9924138302,-19.6483325812
184.9942289898,-19.6527125702
184.9955310449,-19.6574359016
184.9989721509,-19.6610239055
185.0012071952,-19.6653975398
185.0004517342,-19.6703110964
184.9985758394,-19.6748923591
184.9955156952,-19.6788463494
184.9917528122,-19.6820702198
184.987628528,-19.6847106211
184.9836736443,-19.6874041008
184.9797263034,-19.6901318233
184.9750481896,-19.6916160318
184.9719524569,-19.6892961457
184.968740818,-19.6857431191
185.5761923967,-19.8512888377
185.5811884015,-19.8514886779
185.5854036794,-19.8493117708
185.5886235169,-19.8455790054
185.5926521156,-19.8430614256
185.5972371112,-19.8414143543
185.6012093775,-19.8384821202
185.6058247621,-19.8365590432
185.6092765569,-19.8331399222
185.612989088,-19.829825807
185.6168718979,-19.8266756027
185.6206572181,-19.8234101916
185.6244064074,-19.8201020835
185.6285104451,-19.8172789258
185.6327979097,-19.814706447
185.636778493,-19.8117200082
185.6404861719,-19.8083654415
185.6436675204,-19.8045242547
185.6461397459,-19.8002388344
185.6479279822,-19.7955695506
185.6493204745,-19.7907687803
185.6504081389,-19.7859121611
185.6502099343,-19.7810986885
185.6466744004,-19.7775631546
185.6472830391,-19.7727728662
185.6492174837,-19.7683900815
185.6528078221,-19.764910215
185.6563981605,-19.7614303486
185.66001255,-19.7579755815
185.6636423134,-19.7545368583
185.6672720769,-19.751098135
185.6709018403,-19.7476594118
185.6747459139,-19.7444722477
185.6787177031,-19.7414349972
185.6828161873,-19.7385750541
185.6869764388,-19.7358015531
185.6915745503,-19.7340902985
185.6964807944,-19.7331265719
185.7006570023,-19.73048682
185.7047041116,-19.7275506819
185.7078466986,-19.7236777023
185.7110108021,-19.7198093646
185.7143388764,-19.7160778874
185.7165068563,-19.711612529
185.7184529399,-19.707006798
185.7194392431,-19.7022066191
185.7194369435,-19.6972069513
185.7180218562,-19.6924113776
185.7165014838,-19.6876689722
185.7134821953,-19.6836835114
185.7113990512,-19.6791689653
185.7102579888,-19.674411754
185.7092898035,-19.669859403
185.7055616142,-19.6666792502
185.7010097818,-19.6646102355
185.6994714962,-19.6600972017
185.699624523,-19.6551519778
185.7000076369,-19.650186732
185.6993405768,-19.6452314287
185.6998737163,-19.640377829
185.7031166268,-19.6373450631
185.7073616911,-19.6390927681
185.710628412,-19.642742916
185.7132108779,-19.6470243725
185.7155362654,-19.6514289798
185.717254173,-19.6561245941
185.7189720807,-19.6608202083
185.721599431,-19.6650012913
185.7247395273,-19.6688922802
185.7282517522,-19.6723913877
185.7322998044,-19.6753262256
185.7351054264,-19.679383372
185.7362834265,-19.6842426225
185.7374345374,-19.6891069414
185.7381063558,-19.6940616018
185.7385447188,-19.6990250374
185.7382467419,-19.7040161504
185.7378277323,-19.7089925011
185.736917286,-19.7139089112
185.7360068397,-19.7188253212
185.7333221872,-19.7228255358
185.7298406216,-19.7264142265
185.726359056,-19.7300029172
185.7241085758,-19.7344234624
185.7220778834,-19.7389925201
185.7203721891,-19.7436770981
185.7190635243,-19.7485027997
185.7173753068,-19.7531972118
185.7146632593,-19.75729708
185.7109253804,-19.7604209953
185.7060347773,-19.7614502562
185.7010394965,-19.7616674423
185.6960460957,-19.7619225967
185.691053794,-19.7621999468
185.6861209063,-19.7630136547
185.6811667735,-19.7636682057
185.6761907865,-19.764157647
185.6718123527,-19.7662145141
185.6685814248,-19.7696488746
185.6678617256,-19.7745968068
185.6672287705,-19.7795559549
185.6666663254,-19.7845242197
185.6651287823,-19.7892732961
185.6637224301,-19.7940714389
185.6627296926,-19.7989186947
185.6629735567,-19.8039127387
185.6634345478,-19.8088914421
185.6637653014,-19.8138773278
185.6638545729,-19.8188765308
185.6659438215,-19.8231352507
185.666047701,-19.8270667554
185.6630626471,-19.8310779215
185.6587232769,-19.8334156747
185.6541027067,-19.8346226054
185.6492687765,-19.8333446698
185.6444348464,-19.8320667343
185.639522621,-19.8312472711
185.6345385446,-19.830848545
185.6296088165,-19.831678941
185.6249449316,-19.8331945037
185.6207568786,-19.8359258426
185.6185223627,-19.8400885573
185.6171800715,-19.8449050139
185.6162974555,-19.8498193607
185.6142609198,-19.8535341998
185.6093632452,-19.8545405713
185.6044757009,-19.8555815308
185.5998089729,-19.8573764262
185.5951422448,-19.8591713216
185.5904696883,-19.860949971
185.5857262718,-19.8625311098
185.5813874833,-19.8616491359
185.5773991866,-19.8586335945
185.574213518,-19.854784977
185.5195710615,-19.866800097
185.5245659649,-19.866993903
185.5295659649,-19.866993903
185.5345652777,-19.8670708798
185.5395643934,-19.8671643964
185.5445630419,-19.867280644
185.5491355476,-19.86544325
185.5535510425,-19.863101704
185.5579924109,-19.8612577069
185.5628431234,-19.862470385
185.56756352,-19.8640505223
185.5720944357,-19.8661649496
185.5766253514,-19.868279377
185.5813141723,-19.8700094672
185.5852073334,-19.8728497403
185.5883789164,-19.8767151071
185.5926899691,-19.8792447545
185.5970068288,-19.8817675945
185.601272641,-19.8843713113
185.6054072735,-19.8871828614
185.6087874981,-19.8906822036
185.6109206056,-19.8951320054
185.6106393211,-19.9000926101
185.6076192665,-19.9039314538
185.6036547938,-19.9069254083
185.6003230542,-19.9106063209
185.597850622,-19.9148902403
185.5960528569,-19.9195540376
185.5942007293,-19.9241823963
185.591231833,-19.9280241889
185.5867903045,-19.9303175559
185.5821991877,-19.9322813838
185.5774973065,-19.9339820642
185.5727571154,-19.9355724857
185.5681069856,-19.9373906123
185.5635585456,-19.9394670741
185.5598900397,-19.9428409393
185.5562784996,-19.9462987968
185.5535408793,-19.9504761097
185.5507799316,-19.9546243604
185.5466144348,-19.9573899772
185.5424489379,-19.9601555939
185.5382834411,-19.9629212107
185.5341179442,-19.9656868274
185.5295679428,-19.967605529
185.5247441237,-19.9689211161
185.5199203046,-19.9702367031
185.5150765568,-19.9714103139
185.5100769574,-19.9714736
185.5050773579,-19.9715368861
185.5001037344,-19.9711248288
185.4969565839,-19.9699892527
185.5009275331,-19.9670437144
185.5058359909,-19.966091327
185.5107411842,-19.9651258867
185.5155200792,-19.9636554574
185.520339915,-19.9623276451
185.5250563242,-19.9607267294
185.5295734533,-19.9585830071
185.5339431347,-19.956182701
185.538069671,-19.9533592814
185.542139731,-19.9504550824
185.546052878,-19.9473478369
185.5498882624,-19.9441400609
185.5535784929,-19.9407736214
185.5571140268,-19.9372380875
185.5608840934,-19.9339582287
185.5646976283,-19.9307255446
185.5682840252,-19.9272416162
185.5715219337,-19.9234529241
185.5744968232,-19.9194342137
185.5774717127,-19.9154155034
185.5810982495,-19.9120383478
185.5846595357,-19.9086137726
185.5872519813,-19.904390939
185.5879885378,-19.8994454881
185.5885607026,-19.8944797893
185.5885324698,-19.8895195166
185.5862476778,-19.8855332287
185.582381893,-19.8824606573
185.57949893,-19.8783831811
185.5757051814,-19.8751751146
185.5713696599,-19.8727938937
185.5666547083,-19.8711297931
185.5618375982,-19.8717965136
185.5583526561,-19.8750212497
185.554088027,-19.8761717221
185.5491037,-19.8757761406
185.5441082179,-19.8756236889
185.5391086085,-19.8755611938
185.5341439533,-19.8758365785
185.5292162757,-19.8755820507
185.5242451274,-19.8752936365
185.5194121014,-19.8744174682
185.5148323924,-19.872445843
185.5140369577,-19.8685210235
185.3002961823,-20.1093970025
185.301001883,-20.1138579734
185.2963140848,-20.1128624811
185.2946883344,-20.1092569487
185.2122743538,-20.100063373
185.2136086991,-20.1042094439
185.2095936099,-20.1055077089
185.2050010595,-20.1038722537
185.2068749668,-20.0996691211
185.2683560271,-20.0507203566
185.2651188103,-20.0528607835
185.2640058842,-20.0490643811
185.2386152689,-20.0332611586
185.2355154276,-20.0293665239
185.2321675545,-20.0256891461
185.2284479532,-20.0223479968
185.2246359068,-20.0191298721
185.2223827223,-20.0155939098
185.2254374488,-20.0116391202
185.2293435581,-20.0088879936
185.2328893586,-20.0073011431
185.2374869763,-20.009264153
185.2423967106,-20.0098339801
185.247245882,-20.0110011982
185.2463704401,-20.014866651
185.2452980295,-20.0197056258
185.2458962832,-20.024633722
185.2471051293,-20.0294853808
185.2486658521,-20.0341260091
185.2451062227,-20.0371178048
185.2147914731,-19.9932310913
185.2179409384,-19.9938920437
185.2145276796,-19.9975440993
185.2113433221,-20.0007608154
185.2095312679,-19.9970191507
185.2864247498,-20.0149328545
185.2869407982,-20.0187034642
185.285212987,-20.0232808731
185.2812744319,-20.0223713617
185.2812003352,-20.0176140128
185.2597797992,-19.9761708772
185.2621975948,-19.9722959745
185.2655627838,-19.9729578485
185.2628397067,-19.9771075349
185.2611024662,-19.981145552
185.2754517195,-19.9619598736
185.2764119474,-19.9664414227
185.272272871,-19.9679952265
185.2488205481,-19.9606094978
185.2510322697,-19.9561353132
185.2559570337,-19.9566397339
185.2600252389,-19.9549683548
185.2602608351,-19.9583580078
185.2575473309,-19.9624421789
185.2527537114,-19.9630778793
185.2479550484,-19.9643906045
185.2841986955,-19.94263345
185.2866180784,-19.9384134168
185.2881817146,-19.9336676085
185.2895129043,-19.9300271667
185.2940990714,-19.9315583463
185.2981935909,-19.9344196226
185.3019124014,-19.9377618447
185.3048934661,-19.941666261
185.304846827,-19.9462696561
185.3016165718,-19.9494520557
185.2970258597,-19.951425967
185.2929836585,-19.9541756062
185.2899972372,-19.9581726748
185.2867149033,-19.959844223
185.2828628775,-19.9567000512
185.2803011876,-19.9524615416
185.2796370257,-19.9476634895
185.2003292006,-19.9359819261
185.2048451606,-19.9340624314
185.2096308168,-19.9344664107
185.2139802096,-19.9369296278
185.2182583255,-19.9395176239
185.2225131459,-19.9421437378
185.2267676223,-19.9447704146
185.2286218582,-19.9493342434
185.2313450178,-19.9531232792
185.2360352666,-19.9546961633
185.235382343,-19.9594908722
185.230941803,-19.9617890464
185.2264443291,-19.9639085197
185.2214927475,-19.9646026666
185.2166383671,-19.9657109879
185.2118873137,-19.967093274
185.2070366012,-19.9658805958
185.2038853088,-19.9623617224
185.2010008535,-19.9582824236
185.1974367229,-19.9548248415
185.1952629554,-19.9504503348
185.1949549047,-19.9456232207
185.1960097385,-19.9407441122
185.2406573184,-19.9110411841
185.24431542,-19.9094309673
185.2486127598,-19.9109815063
185.2461202121,-19.9132285844
185.2907255144,-20.0437619473
185.2917366481,-20.039145231
185.2935936014,-20.0345028475
185.2968874583,-20.0309785402
185.3009319729,-20.0280395498
185.305820985,-20.0269919044
185.310709997,-20.0259442589
185.3156902205,-20.0257575828
185.3206902205,-20.0257575828
185.3252584578,-20.0270788277
185.3292936094,-20.0300313776
185.3303707242,-20.0347774725
185.3303898696,-20.0397199678
185.3278776986,-20.0438378308
185.3236979701,-20.0465653014
185.3189767536,-20.0456824253
185.3141811798,-20.044267338
185.3092715199,-20.045017334
185.3043962543,-20.0461045467
185.2995719723,-20.0474077871
185.2946139702,-20.048054483
185.3856497658,-20.0618605764
185.3905109155,-20.0610875522
185.3954766686,-20.0616717584
185.4002166617,-20.0627925361
185.4036780443,-20.0662370006
185.4049646455,-20.0709251816
185.401848061,-20.0742286621
185.3969273136,-20.0741251536
185.3920720159,-20.0729530468
185.387307387,-20.0714370285
185.3828872058,-20.069120761
185.3808961088,-20.0652446383
185.5324861485,-19.6007839092
185.5324408864,-19.595861524
185.5337420107,-19.5910383971
185.5356752977,-19.5864656911
185.5390532776,-19.582922561
185.5430999748,-19.5800021177
185.5475770628,-19.5778360198
185.5524852868,-19.5777970544
185.556826985,-19.5798804343
185.5584728618,-19.5844909678
185.5595755301,-19.5893678469
185.5604069663,-19.5942943702
185.5599586138,-19.5991949911
185.5581942205,-19.6038638689
185.5556633055,-19.6081547831
185.5523166115,-19.611856881
185.5480116836,-19.6112859154
185.5452650875,-19.6071405201
185.5412161216,-19.6043078292
185.5366372128,-19.6025721
185.5075011314,-19.63483875
185.5093633924,-19.6321605706
185.5138551105,-19.6318777661
185.5181614126,-19.6300042482
185.5222858469,-19.6326538931
185.5213209543,-19.6372935941
185.5182912216,-19.6410732369
185.514090177,-19.6436659098
185.5093048213,-19.6436792514
185.5066614312,-19.639782261
185.6067415991,-19.6665774716
185.6089675107,-19.6705855695
185.6060748247,-19.6739633256
185.6029012619,-19.6706472484
185.3696478911,-19.7609434411
185.3745589351,-19.7600169836
185.3794705166,-19.7591152778
185.3843319675,-19.7579812125
185.3892397399,-19.7575180129
185.391835726,-19.7611597347
185.3887949405,-19.7647269368
185.3847193276,-19.7675680728
185.3821993077,-19.7718527791
185.3785710941,-19.7751597928
185.3738184259,-19.7757497037
185.3698642888,-19.7732839699
185.3670473673,-19.7691561979
185.3651080083,-19.7647025773
185.271635143,-19.8084497842
185.2759083974,-19.8060921685
185.2805825452,-19.8076127876
185.2846986937,-19.8103914759
185.2857831281,-19.8146261799
185.2810976571,-19.8158735572
185.2761889452,-19.8149849033
185.4431083253,-19.8222117588
185.4471500392,-19.8195959832
185.452114321,-19.820007429
185.4561155397,-19.8226926973
185.457288016,-19.8272250174
185.4554058852,-19.8318569832
185.4519657461,-19.8299306146
185.4473181184,-19.8311558957
185.4424190473,-19.83070793
185.4406386644,-19.8270277333
185.4793031865,-19.8420418844
185.4836604483,-19.8439111005
185.4822726753,-19.8475373557
185.4777474423,-19.84591735
185.1879749497,-20.2512941385
185.1898328437,-20.246726463
185.1934028766,-20.2433533115
185.1982972092,-20.2428277174
185.2031932602,-20.2419278178
185.2079386569,-20.2406374055
185.212171121,-20.2379861288
185.2170081757,-20.2373987705
185.2219622145,-20.2375124792
185.226291499,-20.2352777049
185.2275336714,-20.2395379266
185.2273928463,-20.2444352026
185.2244358887,-20.2482252295
185.223254871,-20.2529527808
185.2224987082,-20.2573895567
185.2203433175,-20.2618373589
185.2215140368,-20.2665625289
185.2192360959,-20.270117198
185.2149517925,-20.2722919369
185.2110693008,-20.270065491
185.2075563566,-20.2725862823
185.2073117733,-20.2775459269
185.2063154602,-20.2824013849
185.2047664654,-20.2870371056
185.2065577266,-20.291286812
185.2112323774,-20.2922079434
185.2158449423,-20.2933340163
185.2152917453,-20.2978243003
185.210648783,-20.2996074938
185.2056696931,-20.3000642911
185.2006937936,-20.3005533478
185.196136797,-20.2995300063
185.1925399901,-20.2960962617
185.1892181709,-20.2923592151
185.1873174991,-20.2878137724
185.1858030055,-20.2830486586
185.1851994344,-20.2781178934
185.1857208534,-20.2733329417
185.1899806094,-20.2715404693
185.1947122289,-20.2699795087
185.1982933313,-20.266569039
185.1982317665,-20.262711028
185.1945354068,-20.2593562839
185.1902215371,-20.2569710105
185.3608069945,-20.2767726756
185.3653114376,-20.275759598
185.3698391066,-20.2755961575
185.3746154605,-20.2743004835
185.3794011174,-20.2752537575
185.3826476314,-20.2787178529
185.3836586188,-20.2835933275
185.3833677611,-20.2885578689
185.3819294747,-20.2932551847
185.3788445845,-20.297085314
185.3749275842,-20.2999788435
185.3700673849,-20.3007688089
185.3654347965,-20.2991895615
185.3615615762,-20.296048553
185.3598386942,-20.291508198
185.3584175657,-20.2867735736
185.3574352676,-20.2820845348
185.4650248722,-20.3958000785
185.4693304702,-20.3933249779
185.4727668005,-20.3897014579
185.4767170848,-20.3892254552
185.4779438091,-20.3940016412
185.4768599317,-20.3985688231
185.4728853768,-20.4013737383
185.4679545352,-20.4021392601
185.4632210214,-20.403200545
185.4597683824,-20.4003964679
185.4662429715,-20.2999818509
185.4698737449,-20.3032440377
185.4730186924,-20.3069662
185.4773855181,-20.3092797836
185.4819664372,-20.3112088069
185.4850842765,-20.3145796013
185.4853054035,-20.3195153753
185.4845111048,-20.3244485627
185.4830535796,-20.3292125446
185.482011336,-20.3340430275
185.481714829,-20.3390342281
185.4830103867,-20.3438157133
185.4825429626,-20.348692792
185.4803487861,-20.3531856296
185.4764281305,-20.3559758594
185.4732060991,-20.3545949315
185.4746914319,-20.3498206476
185.4750993122,-20.3448603017
185.4753826355,-20.339869682
185.475830269,-20.3348897599
185.475843059,-20.3298903335
185.4757099679,-20.3248940277
185.475013479,-20.3199723366
185.4728567344,-20.3154929872
185.4700531242,-20.3113627652
185.4666510297,-20.3077934106
185.4626631177,-20.3047991814
185.4611718212,-20.3009209464
185.2819276848,-20.3214537248
185.2869112036,-20.32185936
185.2915229398,-20.3236104
185.2956520255,-20.3263656124
185.2999429136,-20.328858817
185.304641389,-20.3304936152
185.3093378003,-20.3321000424
185.3083016934,-20.3337145083
185.3050697411,-20.3370289091
185.3050372892,-20.3418141201
185.302111032,-20.3445003681
185.2975825295,-20.343542187
185.2937434078,-20.3403393819
185.2897940151,-20.337273784
185.2858402678,-20.3342147281
185.2818491486,-20.3312245386
185.2779123353,-20.3283510161
185.2397498896,-20.4542324698
185.2441132321,-20.4565137458
185.2461444577,-20.4607652425
185.244896446,-20.4643561699
185.2414089377,-20.4665557959
185.2375419437,-20.463412299
185.2344730966,-20.4597282277
185.2352832258,-20.4550277899
185.2594381697,-20.4961481268
185.2640583317,-20.4961317352
185.2685675529,-20.4980551613
185.2717253193,-20.5018768458
185.2713148948,-20.5066567006
185.2674779093,-20.5089178962
185.2631253665,-20.5073243361
185.2595569626,-20.5038677474
185.2572320302,-20.4995364298
184.647270694,-21.0871123252
184.650471616,-21.0832712188
184.6537342736,-21.0794878864
184.6573549633,-21.0760396106
184.6609756529,-21.0725913347
184.6645963426,-21.0691430588
184.6682038072,-21.0656809827
184.6718030287,-21.0622103048
184.6755095687,-21.0588670443
184.6795415937,-21.0559102259
184.6835736187,-21.0529534076
184.6876056436,-21.0499965893
184.6923028139,-21.0484055362
184.6971167559,-21.0470542542
184.7019306978,-21.0457029723
184.7066400614,-21.0440947239
184.7110295393,-21.0417004633
184.7154190171,-21.0393062026
184.719808495,-21.036911942
184.7243303019,-21.0348100383
184.7290259161,-21.0330921306
184.7337215304,-21.031374223
184.7383534377,-21.0294936533
184.7429667826,-21.0275656883
184.7475801274,-21.0256377232
184.7521934723,-21.0237097582
184.7568907364,-21.0220346765
184.7617414489,-21.0208219984
184.7665921614,-21.0196093202
184.7707061242,-21.0168637424
184.7743039267,-21.0135095439
184.7766744258,-21.0091071884
184.7790449249,-21.0047048329
184.781415424,-21.0003024774
184.7848502698,-20.9968261097
184.7888822948,-20.9938692914
184.7930649441,-20.9928923651
184.7974978683,-20.9952051952
184.8001125172,-20.9992711719
184.8002335368,-21.0035346567
184.7970491296,-21.0073894654
184.7944484116,-21.0116162901
184.7921493961,-21.0160361116
184.7889910314,-21.0199122865
184.7858326666,-21.0237884614
184.7826743019,-21.0276646364
184.7795159371,-21.0315408113
184.7768393023,-21.0357598091
184.7742118379,-21.0400137991
184.7715843735,-21.0442677891
184.7689569091,-21.0485217791
184.7664276953,-21.0528064782
184.7661649011,-21.0577995674
184.7659021069,-21.0627926565
184.7656393128,-21.0677857457
184.7653803263,-21.0727790326
184.7651242525,-21.0777724709
184.7647495386,-21.0827522753
184.7638662183,-21.0876736313
184.762982898,-21.0925949874
184.7641634347,-21.0973249443
184.7659367058,-21.101999932
184.7685719475,-21.1062352769
184.7713152297,-21.1104155165
184.7748323231,-21.113836068
184.778961328,-21.1166558762
184.7830903329,-21.1194756845
184.7875640683,-21.1215837193
184.7923364682,-21.1230750943
184.797108868,-21.1245664693
184.8014396544,-21.1268685008
184.8052807608,-21.1300694228
184.8095237394,-21.1326331994
184.8140671236,-21.1347207003
184.818646401,-21.1366922649
184.8235745123,-21.137537084
184.8285026236,-21.1383819031
184.8334976928,-21.138439848
184.8384976928,-21.138439848
184.8429089892,-21.1369511457
184.845824578,-21.1335331873
184.8421606105,-21.1301309318
184.8384966431,-21.1267286763
184.8348326756,-21.1233264208
184.8346365889,-21.1192068979
184.8366502819,-21.1146303228
184.8409346002,-21.1121566602
184.8453435235,-21.1097983989
184.8497524467,-21.1074401377
184.8536440173,-21.1043037207
184.8549923265,-21.0998239721
184.8546510892,-21.0954007822
184.8497271714,-21.0945318555
184.8448180254,-21.0936173505
184.8403204846,-21.0914328307
184.8358229438,-21.0892483109
184.8366737741,-21.0861642943
184.840209308,-21.0826287604
184.8435719543,-21.0789296772
184.8469059286,-21.0752034706
184.8502399029,-21.071477264
184.8539663078,-21.0681592844
184.8578211166,-21.0649748772
184.8627337074,-21.0643937441
184.8677171305,-21.0639869341
184.8727005536,-21.063580124
184.87739904,-21.0652150681
184.8820806859,-21.0669706853
184.8867623318,-21.0687263025
184.8914439777,-21.0704819197
184.8960449079,-21.0724125274
184.900419374,-21.0748341068
184.90479384,-21.0772556862
184.9091683061,-21.0796772656
184.9137639027,-21.0813813355
184.918742606,-21.0818423266
184.9237213094,-21.0823033176
184.9287011161,-21.0827215004
184.9336969564,-21.0825175885
184.9386927966,-21.0823136767
184.9436880685,-21.082099275
184.948676694,-21.0817622057
184.9536653195,-21.0814251364
184.958653945,-21.0810880671
184.9636425705,-21.0807509978
184.9677878063,-21.0785875267
184.9712794255,-21.075008617
184.9747710448,-21.0714297072
184.9781881248,-21.0677941512
184.980701227,-21.0634716153
184.9832143293,-21.0591490793
184.9856219922,-21.0547944826
184.985940493,-21.0498046372
184.9862589937,-21.0448147917
184.9865643105,-21.0398242014
184.9868099153,-21.0348302372
184.9870555201,-21.029836273
184.9873011249,-21.0248423088
184.98825667,-21.0199971117
184.9900366466,-21.015324673
184.9918166233,-21.0106522343
184.9923034922,-21.0057418307
184.9927108712,-21.0010841093
184.9976360235,-21.0002222077
185.0025611758,-20.999360306
185.0061249722,-21.0015956559
185.0088202406,-21.0058070129
185.0078405286,-21.0103577137
185.0059620031,-21.01499141
185.0040124526,-21.0195945829
185.0019434379,-21.0241464153
185.0004459236,-21.0287407103
185.0018195292,-21.0335483301
185.0031931349,-21.0383559498
185.0057236767,-21.0426585517
185.0083151852,-21.0469345409
185.009349898,-21.0516454648
185.009349898,-21.0566454648
185.009349898,-21.0616454648
185.0085134109,-21.0664479969
185.0062773429,-21.0709201329
185.0040412749,-21.0753922688
185.0018052069,-21.0798644048
184.9986609486,-21.0837474943
184.9954893655,-21.0876128611
184.9923177825,-21.091478228
184.9882568755,-21.094361443
184.984096624,-21.097134944
184.9797691683,-21.0996379029
184.9751523325,-21.1006856575
184.9702006238,-21.0999924183
184.9652489151,-21.099299179
184.9603014097,-21.0985774943
184.9553608273,-21.0978089592
184.950420245,-21.0970404242
184.9454462532,-21.0966127751
184.94045047,-21.096407469
184.9354546869,-21.0962021628
184.9304589037,-21.0959968566
184.9254678426,-21.0959156953
184.9205020895,-21.0964999015
184.9155363365,-21.0970841078
184.9105705835,-21.097668314
184.9056048305,-21.0982525202
184.9010103325,-21.1002191129
184.8964200208,-21.102201293
184.8923425429,-21.1043448886
184.8949700073,-21.1085988786
184.8975974717,-21.1128528686
184.9015751987,-21.1154012194
184.9063186152,-21.1169823582
184.9110620317,-21.118563497
184.9159066134,-21.1197972285
184.9207573259,-21.1210099066
184.9256080384,-21.1222225847
184.9303539125,-21.1237930391
184.9350919785,-21.1253901399
184.9398300444,-21.1269872408
184.9445681103,-21.1285843417
184.9493061763,-21.1301814426
184.9539002795,-21.1320592411
184.9579618982,-21.134975275
184.9620235168,-21.1378913089
184.9657353739,-21.1411519422
184.9685906964,-21.1452564682
184.969624355,-21.1498801099
184.9685211477,-21.1546513262
184.9662850797,-21.1591234622
184.9621006988,-21.1617574763
184.9577661672,-21.1642498319
184.9533637852,-21.1665617164
184.9484608818,-21.1675422971
184.9435579785,-21.1685228778
184.9386550751,-21.1695034585
184.933801569,-21.1706137746
184.9294880792,-21.1731423721
184.9252141066,-21.1757182504
184.9219601497,-21.1795145334
184.9187061929,-21.1833108164
184.9164045092,-21.1877117689
184.9138378349,-21.1919515317
184.9106592986,-21.1958111829
184.9074807624,-21.1996708341
184.9046703757,-21.2037989824
184.9019665878,-21.2080048748
184.8992627998,-21.2122107672
184.8989267879,-21.2169813785
184.8994412836,-21.2219548375
184.9007929176,-21.2267655963
184.9021787209,-21.2315697143
184.9035645241,-21.2363738322
184.9041463043,-21.2413062749
184.9043247619,-21.2463030892
184.9021847548,-21.2507960992
184.8999486869,-21.2552682352
184.8973888845,-21.2595588097
184.8947388898,-21.2637988012
184.891441539,-21.267447067
184.8874560783,-21.2704663555
184.8834706175,-21.2734856439
184.8788383633,-21.2753504086
184.8740246711,-21.2762691406
184.869026599,-21.2761303052
184.8641012451,-21.2755916599
184.8593743802,-21.2739617065
184.8547197517,-21.2721512211
184.8501732122,-21.2700706013
184.8456266727,-21.2679899816
184.8410801332,-21.2659093618
184.8365885215,-21.2637169876
184.8321639304,-21.2613882554
184.8277393393,-21.2590595233
184.8241462914,-21.255636131
184.820716227,-21.251998184
184.8172861627,-21.248360237
184.8148112692,-21.2440320253
184.812433684,-21.2396334927
184.8100257475,-21.2352517606
184.8075606846,-21.2309016497
184.804903089,-21.2266862637
184.8016607567,-21.2228800475
184.7983097178,-21.2192126222
184.7938375819,-21.2169765542
184.7893654459,-21.2147404862
184.7847168044,-21.2129663966
184.7798929853,-21.2116508096
184.7751630015,-21.2100651994
184.7705628816,-21.208105889
184.7659627617,-21.2061465787
184.7613626418,-21.2041872684
184.7564698334,-21.2032658441
184.7515238161,-21.2025331008
184.7465777988,-21.2018003575
184.7416043381,-21.2013869364
184.7366058246,-21.2012650214
184.7316155326,-21.2011007185
184.7269338867,-21.1993451013
184.7222522408,-21.1975894841
184.7179773806,-21.1950056285
184.7137260549,-21.1923738555
184.7094747292,-21.1897420824
184.7053634883,-21.1868971917
184.7012614974,-21.1840382283
184.6972094003,-21.1811102702
184.6932094003,-21.1781102702
184.6892633971,-21.1750562734
184.6862633971,-21.1710562734
184.6824106555,-21.1681454032
184.6778077466,-21.166192654
184.6733012595,-21.1640467543
184.6689741281,-21.161541573
184.6646469967,-21.1590363916
184.6610816962,-21.155627516
184.6578807742,-21.1517864096
184.6558258449,-21.1472844388
184.6541045716,-21.1425900572
184.6523647282,-21.1379025351
184.6506210597,-21.1332164258
184.6489401737,-21.1285190146
184.6489401737,-21.1235190146
184.6489401737,-21.1185190146
184.6483780841,-21.11357207
184.6474425235,-21.1086603772
184.646506963,-21.1037486843
184.6455714024,-21.0988369915
184.6446358419,-21.0939252987
185.0161089179,-21.1111907937
185.0210464121,-21.1107638514
185.0255245672,-21.1122088183
185.0262604061,-21.1168275771
185.0246131738,-21.1215244589
185.0222220371,-21.1258864105
185.0179231162,-21.1256907688
185.0151318712,-21.1218948032
185.0136852991,-21.1171113122
185.0451575481,-21.4666277947
185.0494429715,-21.4684380183
185.0495869199,-21.4728938182
185.0453680749,-21.4745562142
185.0421369653,-21.4709937983
185.0472687028,-21.4243428762
185.0444645113,-21.4202190118
185.0414849057,-21.4162130163
185.0384708239,-21.4122991168
185.0343294069,-21.40949757
185.0305744219,-21.4061996893
185.02812591,-21.402172829
185.0267840608,-21.3974017419
185.024783214,-21.3928198134
185.0235274036,-21.388063441
185.0235548285,-21.3830679585
185.0242523918,-21.378166756
185.0253188464,-21.3733184175
185.0260287232,-21.3683882886
185.0281689516,-21.3638731144
185.0300726845,-21.359250474
185.0321033768,-21.3546814162
185.0342700735,-21.350188371
185.0370977152,-21.3460647268
185.0399467455,-21.3419558421
185.0430632985,-21.3380581491
185.0465181698,-21.334450419
185.0501821372,-21.3310481635
185.0535616047,-21.3273762735
185.0558979792,-21.3230145461
185.0581923922,-21.3186100711
185.0609453856,-21.3144697119
185.0625265245,-21.3097262954
185.0638605637,-21.3049093744
185.0651291272,-21.3000729762
185.0665215885,-21.2952710392
185.0694400326,-21.2913082836
185.072754226,-21.2875644725
185.0763999787,-21.2842344432
185.0807761864,-21.2818160126
185.0854576352,-21.2829280429
185.0878868968,-21.2871641029
185.0879258256,-21.2921441286
185.0871172511,-21.2970656536
185.0857732563,-21.3018816351
185.0863020359,-21.3068294502
185.0869580795,-21.311786224
185.0885469987,-21.31650958
185.0901692886,-21.3212339526
185.0914618355,-21.3260639964
185.0927671862,-21.3308902492
185.0943126166,-21.3356454195
185.0933907552,-21.3403714173
185.0935173112,-21.345130133
185.0940010502,-21.3500501341
185.0939084734,-21.355049277
185.0952168066,-21.3598706587
185.0963371025,-21.3647300709
185.0968773984,-21.3697007932
185.0955602992,-21.3744671921
185.0943591081,-21.3792305366
185.0952805508,-21.3841448975
185.0968327315,-21.3888758864
185.0981112887,-21.3936455136
185.0982323049,-21.398636219
185.0982278288,-21.4035259158
185.0969832025,-21.4082204525
185.0969675197,-21.4129513387
185.0967272432,-21.4178533283
185.0956191377,-21.4227289925
185.097591469,-21.4272208307
185.0989291415,-21.4319924676
185.0992785306,-21.4369578712
185.0993761757,-21.4418846944
185.0989168834,-21.4467832581
185.098314673,-21.4515359015
185.0949045882,-21.455097377
185.0919493446,-21.4580894388
185.0874256138,-21.4568207872
185.0835329952,-21.453712923
185.0800326005,-21.4501449739
185.0761777917,-21.4469605666
185.0721736993,-21.4439674874
185.0685122411,-21.4405720276
185.0648409833,-21.4371813932
185.0610477411,-21.4339240866
185.0570508904,-21.4310493776
185.0522848809,-21.4295377076
184.3298138231,-15.582231772
184.3336456757,-15.5790197779
184.3379535775,-15.5764962012
184.342507018,-15.5744436629
184.3471452671,-15.5725812934
184.3518580217,-15.5709109809
184.3565711579,-15.5692417452
184.361284294,-15.5675725095
184.3661711441,-15.5666373495
184.371147184,-15.5666090535
184.3759955259,-15.5675603159
184.3806138124,-15.5694764135
184.3848444161,-15.5721145824
184.3889930266,-15.5749054658
184.3926929116,-15.5782505721
184.3960237723,-15.5819625417
184.3990866306,-15.585914617
184.4000447676,-15.5907958954
184.3998560733,-15.5957784915
184.399434361,-15.6007571004
184.3986651841,-15.6056975829
184.3978960072,-15.6106380653
184.3965843084,-15.6154457577
184.3945452482,-15.6199746272
184.3918373582,-15.6241707685
184.38841958,-15.6278202605
184.3848238624,-15.6312916155
184.3807114605,-15.6340000991
184.3760661969,-15.6358470996
184.3713897656,-15.6376165601
184.3666926929,-15.6393250815
184.3618590836,-15.6405271343
184.3568838256,-15.6406117208
184.3519789933,-15.6397087296
184.3471694678,-15.6383418118
184.3432215362,-15.6353643781
184.3395586692,-15.6319800122
184.3363231027,-15.6281760788
184.3321382547,-15.625439832
184.3288907536,-15.6217852364
184.3259183952,-15.6177883273
184.3225797629,-15.6140684877
184.3204964894,-15.6095231636
184.3200834227,-15.6046133157
184.3206638526,-15.5997394436
184.3227265427,-15.5951847832
184.3246839617,-15.5905863679
184.3263926771,-15.5858874008
186.1902593875,-15.9389570237
186.1945670699,-15.9364201401
186.1991332481,-15.934646174
186.2040113082,-15.9348387582
186.208660216,-15.9366705937
186.2131041065,-15.9352548771
186.2173537509,-15.9329171163
186.2222694091,-15.932687653
186.2267131057,-15.9313316529
186.2306952009,-15.9283079818
186.2354396293,-15.9268735756
186.2403698072,-15.9264905651
186.2451895604,-15.9274978827
186.2492986552,-15.9301278807
186.2517031274,-15.9344341089
186.2528102449,-15.939242967
186.2530183976,-15.9442386324
186.2508305203,-15.9487157103
186.2480046038,-15.9527397358
186.2442736177,-15.9560683606
186.2407664843,-15.9596025832
186.2376462422,-15.963499368
186.2341469674,-15.9670707928
186.2306604349,-15.9706543721
186.2272581794,-15.9743183395
186.2250544547,-15.9787478122
186.2211693759,-15.9818952178
186.2166839992,-15.9834736504
186.2121127632,-15.9815413661
186.2076151918,-15.9794278987
186.2037977542,-15.9762240052
186.2003836279,-15.9725745327
186.1977143,-15.968428523
186.1967063905,-15.9635516485
186.1941864753,-15.9594637099
186.1911096557,-15.9555349049
186.1891105673,-15.9509711703
186.1874172456,-15.9462693531
186.2489469931,-15.8381196059
186.2531200796,-15.8408439386
186.2569689497,-15.844035109
186.2604742282,-15.847532075
186.2631021536,-15.8517701568
186.2636728169,-15.856649953
186.2612502195,-15.8608040455
186.2569279641,-15.8632363028
186.2520478611,-15.8634475842
186.2481129621,-15.8606903187
186.246359227,-15.856029361
186.2453495399,-15.8511381543
186.2445252616,-15.8462068395
186.2441036899,-15.8412372655
184.5905796106,-20.5518374914
184.591127346,-20.5503859925
184.5917572417,-20.5488249466
184.5923597507,-20.547346061
184.5930718067,-20.546031496
184.593400448,-20.5443061295
184.5935099951,-20.54269031
184.5938386363,-20.5417043863
184.5958652573,-20.5402528874
184.5975906239,-20.539349124
184.5993707639,-20.5404719816
184.6000554332,-20.5419234804
184.6006031686,-20.5434571396
184.601397385,-20.5450455723
184.6005483951,-20.5463053637
184.5995350846,-20.5478116361
184.5989325756,-20.5498656439
184.5983300667,-20.5514266898
184.59745369,-20.5529055754
184.5964677663,-20.5552608377
184.5955640028,-20.5567944968
184.5941398908,-20.5576708735
184.5920584962,-20.5573148455
184.5912368931,-20.5548774229
184.5907987048,-20.5535628579
184.5993981507,-20.549016654
184.6105993398,-20.5318999224
184.6123520931,-20.5312152532
184.6140774597,-20.5316260547
184.6166244293,-20.5328310726
184.6186236636,-20.5338717699
184.6210336994,-20.5345564392
184.6237449897,-20.5355149761
184.6249773943,-20.5364735131
184.6263193461,-20.5374320501
184.6278256185,-20.5386644548
184.6285376745,-20.5408280096
184.6267027609,-20.5426355365
184.6233615749,-20.5417865466
184.6207324449,-20.5406363022
184.618815371,-20.5398968594
184.6163505616,-20.5391848034
184.6147073554,-20.5381714929
184.6129819889,-20.5368843147
184.6122425461,-20.5354328158
184.6108458208,-20.5342825715
185.678299974,-18.0039366859
185.6870637406,-18.0032794034
185.6947320363,-18.0070040042
185.7032767087,-18.0153295825
185.7004284846,-18.0225596899
185.6977993546,-18.0335143981
185.6925410947,-18.0383344697
185.6826818573,-18.0411826938
185.67019349,-18.0396490346
185.6629633825,-18.0286943265
185.6669070775,-18.0175205241
185.8168770327,-18.1567548652
185.821258916,-18.1567548652
185.8257503463,-18.1563166769
185.8272840055,-18.1600412777
185.827941288,-18.1655186318
185.8216971043,-18.1682573089
185.8161102031,-18.1686954972
185.8115092257,-18.1634372372
183.7857645863,-22.3309368757
183.7905846579,-22.3298414049
183.7949665412,-22.3289650282
183.7983625008,-22.3309368757
183.8019775545,-22.3342232882
183.8049353257,-22.338057436
183.8055926082,-22.3440825255
183.8005534424,-22.3489025971
183.7968288416,-22.3516412742
183.7891605459,-22.3528462921
183.7876268867,-22.3484644088
183.7848882097,-22.3418915839
183.7837927389,-22.3370715123
183.7869696042,-22.3487930501
185.2723587388,-19.9623349161
185.2711196551,-19.9652536465
185.2746441597,-19.9685854048
185.2769020455,-19.9644826611
185.2640155755,-19.9757170196
185.2626388159,-19.9792965946
185.2591418464,-19.9784430036
185.2601881837,-19.9732113171
